id,type,boss,suggest/0,suggest/1,suggest/2,skill/0,skill/1,property/0,property/1,reward/0,reward/1,reward/2,reward/3,rewardtype
7,戰鬥,姑獲鳥,,,,固執,,,,500積分,20紫鱗,1白蛋,5000金幣,戰利品
8,委派,,狸貓,武士之靈,孟婆,,,火,風,200積分,3000金幣,,,戰利品
9,戰鬥,姑獲鳥,,,,固執,,,,生命90,,,,加成
10,戰鬥,犬神,,,,冷漠,,,,生命90,,,,加成
11,戰鬥,覺,,,,技能,,,,防禦8,,,,加成
12,捐獻,,,,,,,,,攻擊5%,,,,加成
13,戰鬥,吸血姬,,,,冷漠,,,,速度1,,,,加成
14,淨化,,,,,,,,,生命90,,,,加成
15,委派,,人面樹,絡新婦,於菊蟲,,,風,水,100積分,,,,戰利品
16,戰鬥,萬年竹,,,,冷漠,,,,生命90,,,,加成
17,戰鬥,櫻花妖,,,,期待,,,,抵抗2%,,,,加成
18,捐獻,,,,,,,,,防禦8,,,,加成
19,戰鬥,姑獲鳥,,,,固執,,,,生命4%,,,,加成
20,淨化,,,,,,,,,攻擊5%,,,,加成
21,委派,,海坊主,賣藥郎,餓鬼,,,,,攻擊25,,,,加成
22,戰鬥,弈,,,,固執,,,,生命90,,,,加成
23,戰鬥,吸血姬,,,,冷漠,,,,500積分,20紫鱗,1白蛋,5000金幣,戰利品
36,委派,,阿香,螢草,覺,,,風,水,100積分,,,,戰利品
37,捐獻,,,,,,,,,100積分,,,,戰利品
38,戰鬥,二口女,,,,無情,,,,生命90,,,,加成
39,戰鬥,巫蠱師,,,,技能,,,,攻擊25,,,,加成
40,淨化,,,,,,,,,100積分,,,,戰利品
41,戰鬥,河童,,,,,,,,1000積分,100勾玉,25金鱗,1藍蛋,戰利品
43,委派,,判官,百目鬼,人面樹,,,水,雷,速度1,,,,加成
44,戰鬥,跳跳弟弟,,,,怯懦,,,,生命90,,,,加成
45,戰鬥,天邪鬼黃,,,,技能,,,,100積分,,,,戰利品
46,戰鬥,姑獲鳥,,,,無情,,,,100積分,,,,戰利品
47,戰鬥,萬年竹,,,,怯懦,,,,山風的祝福,,,,祝福
48,委派,,薰,跳跳弟弟,孟婆,,,,,100積分,,,,戰利品
49,戰鬥,巫蠱師,,,,技能,,,,100積分,,,,戰利品
50,戰鬥,二口女,,,,無情,,,,200積分,3000金幣,,,戰利品
51,戰鬥,河童,,,,怯懦,,,,100積分,,,,戰利品
52,捐獻,,,,,,,,,200積分,3000金幣,,,戰利品
53,戰鬥,夜叉,,,,無情,,,,抵抗2%,,,,加成
54,淨化,,,,,,,,,100積分,,,,戰利品
55,委派,,百目鬼,以津真天,兔丸,,,,,1000積分,100勾玉,25金鱗,1藍蛋,戰利品
65,淨化,,,,,,,,,500積分,20紫鱗,1白蛋,5000金幣,戰利品
66,戰鬥,黑童子,,,,孤單,,,,100積分,,,,戰利品
67,戰鬥,祭憶之城,,,,,,,,削弱偽神,,,,削弱偽神
68,戰鬥,祭憶之城,,,,,,,,削弱偽神,,,,削弱偽神
69,委派,,惠比壽,夜叉,姑獲鳥,,,風,雷,100積分,,,,戰利品
70,戰鬥,人面樹,,,,偽裝,,,,100積分,,,,戰利品
73,戰鬥,入殮師,,,,偽裝,,,,100積分,,,,戰利品
74,戰鬥,入殮師,,,,遲暮,,,,防禦8,,,,加成
75,委派,,鬼使白,雪女,童男,,,火,風,100積分,,,,戰利品
76,捐獻,,,,,,,,,攻擊25,,,,加成
77,淨化,,,,,,,,,抵抗2%,,,,加成
78,戰鬥,小鹿男,,,,技能,,,,防禦8,,,,加成
79,戰鬥,跳跳哥哥,,,,孤單,,,,200積分,3000金幣,,,戰利品
80,戰鬥,巫女‧雪,,,,怯懦,哀慟,,,巫女之魂,,,,巫女之魂
81,委派,,煙煙羅,覺,一反木綿,,,風,水,抵抗2,,,,加成
82,戰鬥,黑童子,,,,孤單,,,,100積分,,,,戰利品
83,戰鬥,入殮師,,,,偽裝,,,,暴擊2%,,,,加成
84,戰鬥,入殮師,,,,遲暮,,,,生命4%,,,,加成
85,戰鬥,數珠,,,,,,,,200積分,3000金幣,,,戰利品
94,捐獻,,,,,,,,,抵抗2%,,,,加成
95,戰鬥,吸血姬,,,,冷漠,,,,防禦8,,,,加成
96,委派,,首無,小松丸,白狼,,,火,雷,抵抗2,,,,加成
97,戰鬥,祭憶之城,,,,,,,,削弱偽神,,,,削弱偽神
98,戰鬥,偽神,,,,技能,,,,5000積分,1四星白蛋,3藍票,200勾玉,戰利品
99,戰鬥,祭憶之城,,,,,,,,削弱偽神,,,,削弱偽神
100,戰鬥,白狼,,,,技能,,,,生命90,,,,加成
101,戰鬥,姑獲鳥,,,,固執,,,,500積分,20紫鱗,1白蛋,5000金幣,戰利品
102,捐獻,,,,,,,,,100積分,,,,戰利品
103,委派,,鴉天狗,雪女,鬼使黑,,,火,風,200積分,3000金幣,,,戰利品
104,淨化,,,,,,,,,200積分,3000金幣,,,戰利品
105,戰鬥,吸血姬,,,,冷漠,,,,1000積分,100勾玉,25金鱗,1藍蛋,戰利品
106,戰鬥,鬼使黑,,,,技能,,,,100積分,,,,戰利品
107,戰鬥,於菊蟲,,,,固執,,,,100積分,,,,戰利品
108,戰鬥,萬年竹,,,,冷漠,,,,200積分,3000金幣,,,戰利品
109,委派,,絡新婦,九命貓,阿香,,,水,雷,生命90,,,,加成
110,戰鬥,白狼,,,,技能,,,,100積分,,,,戰利品
111,戰鬥,姑獲鳥,,,,固執,,,,100積分,,,,戰利品
112,戰鬥,犬神,,,,冷漠,,,,抵抗2%,,,,加成
113,淨化,,,,,,,,,抵抗2%,,,,加成
114,捐獻,,,,,,,,,攻擊5%,,,,加成
115,委派,,金魚姬,骨女,孟婆,,,水,雷,100積分,,,,戰利品
123,委派,,三尾狐,跳跳妹妹,巫蠱師,,,風,水,1000積分,100勾玉,25金鱗,1藍蛋,戰利品
124,淨化,,,,,,,,,100積分,,,,戰利品
125,戰鬥,跳跳弟弟,,,,怯懦,,,,100積分,,,,戰利品
126,戰鬥,夜叉,,,,無情,,,,防禦8,,,,加成
127,戰鬥,祭憶之城,,,,,,,,削弱偽神,,,,削弱偽神
128,戰鬥,祭憶之城,,,,,,,,削弱偽神,,,,削弱偽神
129,戰鬥,二口女,,,,無情,,,,抵抗2%,,,,加成
132,戰鬥,河童,,,,怯懦,,,,速度1,,,,加成
133,戰鬥,鐵鼠,,,,技能,,,,生命4%,,,,加成
134,戰鬥,夜叉,,,,無情,,,,200積分,3000金幣,,,戰利品
135,委派,,跳跳哥哥,鬼女紅葉,阿香,,,風,雷,200積分,3000金幣,,,戰利品
137,委派,,未知,,,,,未知,,未知,,,,未知
138,淨化,,,,,,,,,防禦8,,,,加成
139,戰鬥,小鹿男,,,,技能,,,,200積分,3000金幣,,,戰利品
140,戰鬥,巫蠱師,,,,技能,,,,100積分,,,,戰利品
141,委派,,蟲師,煙煙羅,薰,,,水,雷,防禦8,,,,加成
142,戰鬥,河童,,,,怯懦,,,,生命90,,,,加成
143,戰鬥,鐵鼠,,,,技能,,,,攻擊25,,,,加成
144,委派,,傀儡師,桃花妖,鯉魚精,,,火,水,100積分,,,,戰利品
152,委派,,賣藥郎,絡新婦,三尾狐,,,火,雷,100積分,,,,戰利品
153,淨化,,,,,,,,,防禦8,,,,加成
154,戰鬥,兵俑,,,,偽裝,,,,100積分,,,,戰利品
155,戰鬥,數珠,,,,孤單,,,,抵抗2%,,,,加成
156,戰鬥,入殮師,,,,遲暮,,,,攻擊5%,,,,加成
158,戰鬥,黑童子,,,,孤單,,,,生命90,,,,加成
159,委派,,山童,萬年竹,首無,,,風,水,500積分,20紫鱗,1白蛋,5000金幣,戰利品
161,戰鬥,跳跳哥哥,,,,孤單,,,,防禦8,,,,加成
162,戰鬥,人面樹,,,,偽裝,,,,幻境據點,,,,幻境據點
163,委派,,貓掌櫃,傀儡師,餓鬼,,,火,雷,速度1,,,,加成
164,捐獻,,,,,,,,,100積分,,,,戰利品
165,戰鬥,入殮師,,,,偽裝,,,,100積分,,,,戰利品
169,委派,,獨眼小僧,鬼使白,賣藥郎,,,風,雷,500積分,20紫鱗,1白蛋,5000金幣,戰利品
171,捐獻,,,,,,,,,生命4%,,,,加成
172,戰鬥,人面樹,,,,偽裝,,,,100積分,,,,戰利品
173,戰鬥,雨女,,,,期待,,,,100積分,,,,戰利品
174,戰鬥,黑童子,,,,孤單,,,,攻擊25,,,,加成
175,淨化,,,,,,,,,500積分,20紫鱗,1白蛋,5000金幣,戰利品
181,戰鬥,白狼,,,,技能,,,,攻擊5%,,,,加成
182,戰鬥,櫻花妖,,,,期待,,,,速度1,,,,加成
183,委派,,跳跳妹妹,童男,蟲師,,,水,雷,攻擊25,,,,加成
184,戰鬥,於菊蟲,,,,固執,,,,100積分,,,,戰利品
185,捐獻,,,,,,,,,攻擊25,,,,加成
188,戰鬥,覺,,,,技能,,,,生命4%,,,,加成
191,委派,,孟婆,跳跳弟弟,跳跳妹妹,,,水,雷,200積分,3000金幣,,,戰利品
192,戰鬥,姑獲鳥,,,,固執,,,,200積分,3000金幣,,,戰利品
193,戰鬥,犬神,,,,冷漠,,,,200積分,3000金幣,,,戰利品
194,戰鬥,覺,,,,技能,,,,500積分,20紫鱗,1白蛋,5000金幣,戰利品
195,淨化,,,,,,,,,抵抗2%,,,,加成
196,戰鬥,吸血姬,,,,冷漠,,,,100積分,,,,戰利品
197,委派,,以津真天,兔丸,二口女,,,火,雷,100積分,,,,戰利品
198,戰鬥,於菊蟲,,,,固執,,,,解鎖茨木童子,,,,解鎖
199,戰鬥,萬年竹,,,,冷漠,,,,生命90,,,,加成
200,戰鬥,櫻花妖,,,,期待,,,,100積分,,,,戰利品
201,委派,,判官,蝴蝶精,餓鬼,,,風,雷,100積分,,,,戰利品
202,戰鬥,姑獲鳥,,,,固執,,,,200積分,3000金幣,,,戰利品
203,戰鬥,犬神,,,,冷漠,,,,100積分,,,,戰利品
204,委派,,天井下,鬼使白,巫蠱師,,,水,雷,生命90,,,,加成
208,戰鬥,阿氛 (彩蛋),,,,阿氛的祝福,,,,1000積分,100勾玉,25金鱗,1藍蛋,戰利品
209,委派,,孟婆,古籠火,鴉天狗,,,火,雷,200積分,3000金幣,,,戰利品
211,捐獻,,,,,,,,,抵抗2%,,,,加成
212,委派,,鬼女紅葉,夜叉,海坊主,,,水,雷,200積分,3000金幣,,,戰利品
213,戰鬥,小鹿男,,,,技能,,,,100積分,,,,戰利品
214,戰鬥,萬年竹,,,,怯懦,,,,200積分,3000金幣,,,戰利品
215,淨化,,,,,,,,,100積分,,,,戰利品
219,捐獻,,,,,,,,,攻擊5%,,,,加成
222,戰鬥,巫蠱師,,,,技能,,,,一目連的祝福,,,,祝福
223,戰鬥,二口女,,,,無情,,,,100積分,,,,戰利品
224,委派,,跳跳弟弟,惠比壽,武士之靈,,,風,雷,100積分,,,,戰利品
225,戰鬥,鐵鼠,,,,技能,,,,100積分,,,,戰利品
226,戰鬥,夜叉,,,,無情,,,,100積分,,,,戰利品
227,捐獻,,,,,,,,,100積分,,,,戰利品
228,戰鬥,天邪鬼黃,,,,技能,,,,100積分,,,,戰利品
229,淨化,,,,,,,,,攻擊25,,,,加成
230,委派,,雪女,餓鬼,跳跳哥哥,,,火,風,速度1,,,,加成
231,戰鬥,小鹿男,,,,技能,,,,防禦8,,,,加成
232,戰鬥,巫蠱師,,,,技能,,,,100積分,,,,戰利品
233,戰鬥,二口女,,,,無情,,,,攻擊25,,,,加成
234,戰鬥,河童,,,,怯懦,,,,幻境據點,,,,幻境據點
235,捐獻,,,,,,,,,生命4%,,,,加成
237,委派,,傀儡師,鯉魚精,孟婆,,,火,水,攻擊25%,,,,加成
238,淨化,,,,,,,,,100積分,,,,戰利品
239,捐獻,,,,,,,,,100積分,,,,戰利品
240,委派,,鬼女紅葉,天井下,入殮師,,,火,風,200積分,3000金幣,,,戰利品
241,戰鬥,人面樹,,,,偽裝,,,,500積分,20紫鱗,1白蛋,5000金幣,戰利品
242,戰鬥,跳跳哥哥,,,,孤單,,,,100積分,,,,戰利品
243,委派,,狸貓,跳跳妹妹,絡新婦,,,火,風,生命90,,,,加成
244,戰鬥,黑童子,,,,遲暮,,,,攻擊5%,,,,加成
245,淨化,,,,,,,,,防禦8,,,,加成
246,戰鬥,數珠,,,,孤單,,,,生命90,,,,加成
248,委派,,惠比壽,一反木綿,賣藥郎,,,火,風,100積分,,,,戰利品
249,戰鬥,黑童子,,,,孤單,,,,抵抗2%,,,,加成
251,戰鬥,人面樹,,,,偽裝,,,,200積分,3000金幣,,,戰利品
252,淨化,,,,,,,,,100積分,,,,戰利品
253,戰鬥,人面樹,,,,偽裝,,,,100積分,,,,戰利品
254,戰鬥,雨女,,,,期待,,,,200積分,3000金幣,,,戰利品
255,戰鬥,黑童子,,,,孤單,,,,暴擊2%,,,,加成
256,戰鬥,入殮師,,,,偽裝,,,,幻境據點,,,,幻境據點
257,戰鬥,入殮師,,,,遲暮,,,,100積分,,,,戰利品
258,委派,,化鯨,妖狐,三尾狐,,,水,雷,100積分,,,,戰利品
259,戰鬥,兵俑,,,,偽裝,,,,100積分,,,,戰利品
260,戰鬥,黑童子,,,,遲暮,,,,速度1,,,,加成
261,委派,,萬年竹,弈,管狐,,,水,雷,100積分,,,,戰利品
262,戰鬥,跳跳哥哥,,,,孤單,,,,100積分,,,,戰利品
263,委派,,弈,九命貓,巫蠱師,,,水,雷,100積分,,,,戰利品
264,淨化,,,,,,,,,100積分,,,,戰利品
265,戰鬥,黑童子,,,,孤單,,,,生命4%,,,,加成
266,戰鬥,入殮師,,,,偽裝,,,,200積分,3000金幣,,,戰利品
267,戰鬥,入殮師,,,,遲暮,,,,防禦8,,,,加成
268,委派,,蝴蝶精,海坊主,古籠火,,,水,雷,攻擊25,,,,加成
269,戰鬥,兵俑,,,,偽裝,,,,攻擊5%,,,,加成
270,戰鬥,黑童子,,,,遲暮,,,,速度1,,,,加成
271,委派,,鴉天狗,童女,阿香,,,火,雷,200積分,3000金幣,,,戰利品
272,戰鬥,姑獲鳥,,,,固執,,,,防禦8,,,,加成
273,戰鬥,白狼,,,,技能,,,,抵抗2%,,,,加成
274,戰鬥,櫻花妖,,,,期待,,,,幻境據點,,,,幻境據點
275,委派,,鬼使黑,貓掌櫃,九命貓,,,火,風,防禦8,,,,加成
276,戰鬥,於菊蟲,,,,固執,,,,200積分,3000金幣,,,戰利品
277,淨化,,,,,,,,,攻擊25,,,,加成
278,戰鬥,吸血姬,,,,冷漠,,,,生命4%,,,,加成
279,戰鬥,弈,,,,固執,,,,攻擊25,,,,加成
280,委派,,弈,鴉天狗,兔丸,,,,,200積分,3000金幣,,,戰利品
281,戰鬥,犬神,,,,冷漠,,,,100積分,,,,戰利品
282,捐獻,,,,,,,,,抵抗2%,,,,加成
286,戰鬥,覺,,,,技能,,,,100積分,,,,戰利品
287,戰鬥,弈,,,,固執,,,,大天狗的祝福,,,,祝福
289,戰鬥,鬼使黑,,,,技能,,,,200積分,3000金幣,,,戰利品
290,捐獻,,,,,,,,,抵抗2%,,,,加成
291,戰鬥,萬年竹,,,,冷漠,,,,生命90,,,,加成
292,戰鬥,櫻花妖,,,,期待,,,,解鎖追月神,,,,解鎖
293,戰鬥,白狼,,,,技能,,,,200積分,3000金幣,,,戰利品
294,戰鬥,姑獲鳥,,,,固執,,,,100積分,,,,戰利品
297,委派,,百目鬼,阿香,賣藥郎,,水,雷,,爆傷5%,,,,加成
298,戰鬥,吸血姬,,,,冷漠,,,,200積分,3000金幣,,,戰利品
299,淨化,,,,,,,,,抵抗2%,,,,加成
300,委派,,巫蠱師,古籠火,傀儡師,,風,雷,,攻擊5%,,,,加成
301,淨化,,,,,,,,,100積分,,,,戰利品
302,戰鬥,二口女,,,,無情,,,,抵抗2%,,,,加成
303,委派,,獨眼小僧,一反木綿,妖狐,,風,水,,100積分,,,,戰利品
304,戰鬥,小鹿男,,,,技能,,,,攻擊25,,,,加成
305,戰鬥,萬年竹,,,,怯懦,,,,傷害5%,,,,加成
306,戰鬥,姑獲鳥,,,,無情,,,,抵抗2%,,,,加成
307,委派,,煙煙羅,於菊蟲,骨女,,水,雷,,抵抗2%,,,,加成
308,戰鬥,跳跳弟弟,,,,怯懦,,,,攻擊25,,,,加成
309,戰鬥,夜叉,,,,無情,,,,200積分,3000金幣,,,戰利品
310,戰鬥,鐵鼠,,,,技能,,,,抵抗2%,,,,加成
311,委派,,入殮師,天井下,兔丸,,火,雷,,速度1,,,,加成
312,戰鬥,二口女,,,,無情,,,,生命4%,,,,加成
315,委派,,童女,小袖之手,賣藥郎,,風,水,,防禦8,,,,加成
316,戰鬥,鐵鼠,,,,技能,,,,100積分,,,,戰利品
317,戰鬥,夜叉,,,,無情,,,,解鎖大天狗,,,,解鎖
319,戰鬥,天邪鬼黃,,,,技能,,,,200積分,3000金幣,,,戰利品
320,委派,,瑩草,弈,阿香,,風,水,,抵抗2%,,,,加成
321,戰鬥,萬年竹,,,,怯懦,,,,攻擊5%,,,,加成
322,戰鬥,小鹿男,,,,技能,,,,生命90,,,,加成
323,委派,,小袖之手,匣中少女,人面樹,,火,水,,生命90,,,,加成
324,捐獻,,,,,,,,,500積分,20紫鱗,1白蛋,5000金幣,戰利品
326,戰鬥,鐵鼠,,,,?,,,,100積分,,,,戰利品
327,戰鬥,夜叉,,,,無情,,,,生命90,,,,加成
328,委派,,賣藥郎,人面樹,覺,,火,風,,防禦8,,,,加成
329,戰鬥,天邪鬼黃,,,,技能,,,,抵抗2%,,,,加成
330,戰鬥,姑獲鳥,,,,無情,,,,100積分,,,,戰利品
331,委派,,兔丸,鯉魚精,跳跳妹妹,,水,雷,,攻擊25,,,,加成
332,戰鬥,雨女,,,,期待,,,,速度1,,,,加成
333,戰鬥,人面樹,,,,偽裝,,,,200積分,3000金幣,,,戰利品
334,戰鬥,跳跳哥哥,,,,孤單,,,,防禦8,,,,加成
335,委派,,蟲師,煙煙羅,賣藥郎,,火,風,,100積分,,,,戰利品
336,戰鬥,黑童子,,,,遲暮,,,,100積分,,,,戰利品
337,捐獻,,,,,,,,,100積分,,,,戰利品
338,戰鬥,數珠,,,,孤單,,,,生命90,,,,加成
339,委派,,兔丸,薰,萬年竹,,風,雷,,生命4%,,,,加成
340,戰鬥,入殮師,,,,偽裝,,,,100積分,,,,戰利品
341,戰鬥,黑童子,,,,孤單,,,,100積分,,,,戰利品
342,戰鬥,雨女,,,,期待,,,,抵抗2%,,,,加成
343,淨化,,,,,,,,,100積分,,,,戰利品
344,委派,,一反木綿,白狼,二口女,,火,風,,100積分,,,,戰利品
346,戰鬥,雨女,,,,期待,,,,100積分,,,,戰利品
347,戰鬥,黑童子,,,,孤單,,,,防禦8,,,,加成
348,委派,,,,,,,,,,,,,
349,戰鬥,入殮師,,,,遲暮,,,,100積分,,,,戰利品
350,戰鬥,數珠,,,,孤單,,,,100積分,,,,戰利品
351,委派,,金魚姬,人面樹,於菊蟲,,火,雷,,200積分,3000金幣,,,戰利品
352,捐獻,,,,,,,,,100積分,,,,戰利品
353,戰鬥,小鹿男,,,,技能,,,,100積分,,,,戰利品
354,戰鬥,跳跳哥哥,,,,孤單,,,,100積分,,,,戰利品
356,淨化,,,,,,,,,200積分,3000金幣,,,戰利品
357,委派,,椒圖,二口女,煙煙羅,,風,水,,防禦8,,,,加成
358,戰鬥,入殮師,,,,偽裝,,,,200積分,3000金幣,,,戰利品
359,捐獻,,,,,,,,,生命90,,,,加成
360,戰鬥,數珠,,,,孤單,,,,500積分,20紫鱗,1白蛋,5000金幣,戰利品
361,戰鬥,覺,,,,技能,,,,攻擊5%,,,,加成
362,捐獻,,,,,,,,,1000積分,100勾玉,25金鱗,1藍蛋,戰利品
363,委派,,小松丸,於菊蟲,青坊主,,,,,100積分,,,,戰利品
364,戰鬥,白狼,,,,技能,,,,100積分,,,,戰利品
367,委派,,童男,山童,賣藥郎,,風,水,,100積分,,,,戰利品
368,戰鬥,鬼使黑,,,,技能,,,,抵抗2%,,,,加成
369,戰鬥,吸血姬,,,,冷妹,,,,100積分,,,,戰利品
370,捐獻,,,,,,,,,100積分,,,,戰利品
371,戰鬥,覺,,,,技能,,,,100積分,,,,戰利品
372,委派,,瑩草,首無,巫蠱師,,水,雷,,100積分,,,,戰利品
373,戰鬥,姑獲鳥,,,,固執,,,,防禦8,,,,加成
374,捐獻,,,,,,,,,1000積分,100勾玉,25金鱗,1藍蛋,戰利品
375,戰鬥,姑獲鳥,,,,固執,,,,速度1,,,,加成
376,戰鬥,犬神,,,,冷漠,,,,200積分,3000金幣,,,戰利品
377,未知,,,,,,,,,,,,,
378,戰鬥,未知,,,,,,,,,,,,
379,未知,,,,,,,,,,,,,
380,戰鬥,鬼使黑,,,,技能,,,,100積分,,,,戰利品
381,戰鬥,於菊蟲,,,,固執,,,,100積分,,,,戰利品
382,委派,,天井下,椒圖,覺,,風,水,,100積分,,,,戰利品
383,戰鬥,櫻花妖,,,,期待,,,,100積分,,,,戰利品
384,戰鬥,白狼,,,,技能,,,,攻擊5%,,,,加成
385,委派,,青坊主,覺,蟲師,,風,水,,速度1,,,,加成
386,捐獻,,,,,,,,,100積分,,,,戰利品
387,戰鬥,覺,,,,技能,,,,100積分,,,,戰利品
388,戰鬥,弈,,,,固執,,,,100積分,,,,戰利品
389,淨化,,,,,,,,,100積分,,,,戰利品
390,委派,,餓鬼,妖狐,賣藥郎,,火,風,,100積分,,,,戰利品
391,委派,,首無,三尾狐,以津真天,,火,風,,100積分,,,,戰利品
392,戰鬥,鐵鼠,,,,技能,,,,100積分,,,,戰利品
393,淨化,,,,,,,,,生命90,,,,加成
394,戰鬥,二口女,,,,無情,,,,攻擊25,,,,加成
395,戰鬥,巫蠱師,,,,技能,,,,100積分,,,,戰利品
396,委派,,河童,覺,三尾狐,,火,風,,200積分,3000金幣,,,戰利品
397,戰鬥,萬年竹,,,,怯懦,,,,生命4%,,,,加成
398,戰鬥,姑獲鳥,,,,無情,,,,攻擊25,,,,加成
399,戰鬥,天邪鬼黃,,,,技能,,,,100積分,,,,戰利品
400,戰鬥,巫女‧遙,,,,無眠/哀慟巫女,,,,,,,,
401,委派,,骨女,山童,管狐,,水,雷,,200積分,3000金幣,,,戰利品
402,戰鬥,鐵鼠,,,,技能,,,,100積分,,,,戰利品
403,戰鬥,河童,,,,怯懦,,,,200積分,3000金幣,,,戰利品
406,未知,大饌津被綁在這裡,,,,,,,,,,,,
407,戰鬥,未知,,,,,,,,,,,,
408,未知,,,,,,,,,,,,,
409,未知,,,,,,,,,,,,,
410,未知,,,,,,,,,,,,,
411,委派,,,,,,,,,,,,,
412,戰鬥,姑獲鳥,,,,無情,,,,100積分,,,,戰利品
413,戰鬥,萬年竹,,,,怯懦,,,,100積分,,,,戰利品
415,戰鬥,巫蠱師,,,,技能,,,,抵抗2%,,,,加成
416,淨化,,,,,,,,,攻擊25,,,,加成
417,委派,,於菊蟲,傀儡師,九命貓,,火,水,,100積分,,,,戰利品
418,戰鬥,鐵鼠,,,,技能,,,,100積分,,,,戰利品
419,委派,,武士之靈,巫蠱師,海坊主,,火,雷,,1000積分,100勾玉,25金鱗,1藍蛋,戰利品
420,戰鬥,跳跳弟弟,,,,怯懦,,,,攻擊25,,,,加成
421,戰鬥,弈,,,,固執,,,,500積分,20紫鱗,1白蛋,5000金幣,戰利品
422,委派,,桃花妖,河童,孟婆,,水,雷,,100積分,,,,戰利品
423,戰鬥,犬神,,,,冷漠,,,,攻擊25,,,,加成
424,戰鬥,姑獲鳥,,,,固執,,,,100積分,,,,戰利品
425,戰鬥,白狼,,,,技能,,,,防禦8,,,,加成
426,戰鬥,櫻花妖,,,,期待,,,,生命90,,,,加成
427,委派,,白童子,金魚姬,巫蠱師,,風,水,,防禦8,,,,加成
428,淨化,,,,,,,,,100積分,,,,戰利品
429,戰鬥,鬼使黑,,,,技能,,,,防禦8,,,,加成
430,戰鬥,吸血姬,,,,冷漠,,,,200積分,3000金幣,,,戰利品
431,戰鬥,弈,,,,固執,,,,200積分,3000金幣,,,戰利品
432,委派,,姑獲鳥,跳跳哥哥,九命貓,,火,雷,,攻擊5%,,,,加成
435,戰鬥,未知,,,,,,,,,,,,
436,戰鬥,未知,,,,,,,,,,,,
437,起始點,,,,,,,,,,,,,
438,未知,,,,,,,,,,,,,
439,戰鬥,未知,,,,,,,,,,,,
440,戰鬥,未知,,,,,,,,,,,,
441,戰鬥,鬼使黑,,,,技能,,,,解鎖書翁,,,,解鎖
442,淨化,,,,,,,,,生命90,,,,加成
444,戰鬥,櫻花妖,,,,期待,,,,500積分,20紫鱗,1白蛋,5000金幣,戰利品
445,委派,,跳跳弟弟,童女,白童子,,水,雷,,100積分,,,,戰利品
446,戰鬥,姑獲鳥,,,,固執,,,,100積分,,,,戰利品
447,戰鬥,犬神,,,,冷漠,,,,防禦8,,,,加成
448,戰鬥,覺,,,,技能,,,,100積分,,,,戰利品
449,戰鬥,弈,,,,固執,,,,200積分,3000金幣,,,戰利品
450,委派,,妖狐,鴉天狗,以津真天,,水,雷,,100積分,,,,戰利品
451,捐獻,,,,,,,,,200積分,3000金幣,,,戰利品
452,戰鬥,入殮師,,,,偽裝,,,,200積分,3000金幣,,,戰利品
453,戰鬥,黑童子,,,,孤單,,,,100積分,,,,戰利品
454,委派,,姑獲鳥,管狐,古籠火,,火,風,,爆傷5%,,,,加成
455,捐獻,,,,,,,,,防禦8,,,,加成
459,委派,,妖琴師,百目鬼,賣藥郎,,火,水,,100積分,,,,戰利品
460,戰鬥,數珠,,,,孤單,,,,100積分,,,,戰利品
461,戰鬥,入殮師,,,,遲暮,,,,200積分,3000金幣,,,戰利品
462,戰鬥,入殮師,,,,偽裝,,,,200積分,3000金幣,,,戰利品
463,戰鬥,黑童子,,,,孤單,,,,100積分,,,,戰利品
464,戰鬥,雨女,,,,期待,,,,傷害5%,,,,加成
465,未知,,,,,,,,,,,,,
466,未知,,,,,,,,,,,,,
467,未知,,,,,,,,,,,,,
468,戰鬥,未知,,,,,,,,,,,,
469,未知,,,,,,,,,,,,,
470,未知,,,,,,,,,,,,,
471,戰鬥,入殮師,,,,遲暮,,,,生命90,,,,加成
472,戰鬥,數珠,,,,孤單,,,,暴擊2%,,,,加成
473,委派,,九命貓,狸貓,絡新婦,,水,雷,,200積分,3000金幣,,,戰利品
475,戰鬥,小鹿男,,,,技能,,,,200積分,3000金幣,,,戰利品
476,戰鬥,跳跳哥哥,,,,孤單,,,,100積分,,,,戰利品
477,捐獻,,,,,,,,,荒川之主的祝福,,,,祝福
478,委派,,管狐,河童,跳跳哥哥,,火,風,,100積分,,,,戰利品
479,淨化,,,,,,,,,生命4%,,,,加成
480,戰鬥,入殮師,,,,偽裝,,,,攻擊5%,,,,加成
481,委派,,化鯨,於菊蟲,古籠火,,火,風,,速度1,,,,加成
482,淨化,,,,,,,,,生命4%,,,,加成
483,戰鬥,鐵鼠,,,,技能,,,,100積分,,,,戰利品
484,戰鬥,河童,,,,怯懦,,,,100積分,,,,戰利品
485,委派,,桃花喲,白童子,巫蠱師,,水,雷,,200積分,3000金幣,,,戰利品
489,戰鬥,姑獲鳥,,,,無情,,,,攻擊5%,,,,加成
490,戰鬥,天邪鬼黃,,,,技能,,,,100積分,,,,戰利品
491,淨化,,,,,,,,,100積分,,,,戰利品
492,戰鬥,夜叉,,,,無情,,,,抵抗2%,,,,加成
493,戰鬥,鐵鼠,,,,技能,,,,幻境據點,,,,幻境據點
494,戰鬥,河童,,,,怯懦,,,,200積分,3000金幣,,,戰利品
495,戰鬥,二口女,,,,無情,,,,速度1,,,,加成
496,戰鬥,巫蠱師,,,,技能,,,,200積分,3000金幣,,,戰利品
497,未知,,,,,,,,,,,,,
498,未知,,,,,,,,,,,,,
499,戰鬥,鐵鼠,,,,技能,,,,防禦8,,,,加成
500,戰鬥,夜叉,,,,無情,,,,100積分,,,,戰利品
501,委派,,匣中少女,兔丸,賣藥郎,,風,雷,,200積分,3000金幣,,,戰利品
502,戰鬥,天邪鬼黃,,,,技能,,,,100積分,,,,戰利品
503,戰鬥,姑獲鳥,,,,無情,,,,生命90,,,,加成
505,委派,,二口女,惠比壽,賣藥郎,,水,雷,,生命90,,,,加成
506,戰鬥,巫蠱師,,,,技能,,,,100積分,,,,戰利品
507,戰鬥,二口女,,,,技能,,,,100積分,,,,戰利品
508,戰鬥,河童,,,,怯懦,,,,100積分,,,,戰利品
509,委派,,海坊主,萬年竹,賣藥郎,,風,雷,,抵抗2%,,,,加成
510,戰鬥,夜叉,,,,無情,,,,生命90,,,,加成
511,戰鬥,鬼使黑,,,,技能,,,,200積分,3000金幣,,,戰利品
512,戰鬥,吸血姬,,,,冷漠,,,,生命4%,,,,加成
513,委派,,河童,獨眼小僧,人面樹,,水,雷,,200積分,3000金幣,,,戰利品
514,戰鬥,覺,,,,技能,,,,100積分,,,,戰利品
515,戰鬥,犬神,,,,冷漠,,,,200積分,3000金幣,,,戰利品
516,戰鬥,姑獲鳥,,,,固執,,,,攻擊5%,,,,加成
517,委派,,覺,姑獲鳥,跳跳弟弟,,火,風,,速度1,,,,加成
520,捐獻,,,,,,,,,爆擊2%,,,,加成
521,戰鬥,鬼使黑,,,,技能,,,,生命90,,,,加成
522,委派,,白狼,管狐,九命貓,,,,,100積分,,,,戰利品
523,戰鬥,弈,,,,固執,,,,100積分,,,,戰利品
524,戰鬥,覺,,,,技能,,,,100積分,,,,戰利品
525,捐獻,,,,,,,,,抵抗2%,,,,加成
526,戰鬥,姑獲鳥,,,,固執,,,,防禦8,,,,加成
527,戰鬥,白狼,,,,無我,,,,防禦8,,,,加成
528,未知,,,,,,,,,,,,,
529,未知,,,,,,,,,,,,,
530,戰鬥,覺,,,,技能,,,,200積分,3000金幣,,,戰利品
531,戰鬥,弈,,,,固執,,,,500積分,20紫鱗,1白蛋,5000金幣,戰利品
532,戰鬥,吸血姬,,,,冷漠,,,,100積分,,,,戰利品
533,戰鬥,鬼使黑,,,,技能,,,,幻境據點,,,,幻境據點
535,戰鬥,萬年竹,,,,冷漠,,,,生命4%,,,,加成
536,戰鬥,櫻花妖,,,,期待,,,,100積分,,,,戰利品
537,淨化,,,,,,,,,防禦8,,,,加成
538,委派,,古籠火,妖琴師,貍貓,,風,水,,生命90,,,,加成
539,戰鬥,犬神,,,,冷漠,,,,200積分,3000金幣,,,戰利品
540,捐獻,,,,,,,,,200積分,3000金幣,,,戰利品
541,淨化,,,,,,,,,生命90,,,,加成
542,捐獻,,,,,,,,,攻擊25,,,,加成
543,戰鬥,入殮師,,,,偽裝,,,,防禦8,,,,加成
544,委派,,夜叉,獨眼小僧,骨女,,,,,100積分,,,,戰利品
545,戰鬥,雨女,,,,期待,,,,防禦8,,,,加成
546,捐獻,,,,,,,,,200積分,3000金幣,,,戰利品
547,戰鬥,跳跳哥哥,,,,孤單,,,,200積分,3000金幣,,,戰利品
548,委派,,童女,孟婆,河童,,水,雷,,200積分,3000金幣,,,戰利品
549,戰鬥,黑童子,,,,遲暮,,,,200積分,3000金幣,,,戰利品
550,戰鬥,兵俑,,,,偽裝,,,,抵抗2%,,,,加成
551,戰鬥,數珠,,,,孤單,,,,抵抗2%,,,,加成
552,淨化,,,,,,,,,100積分,,,,戰利品
553,戰鬥,入殮師,,,,偽裝,,,,攻擊5%,,,,加成
554,戰鬥,黑童子,,,,孤單,,,,解鎖赤影妖刀姬,,,,解鎖
555,委派,,鬼使白,桃花妖,阿香,,火,風,,100積分,,,,戰利品
556,戰鬥,人面樹,,,,偽裝,,,,防禦8,,,,加成
557,戰鬥,未知,,,,,,,,,,,,
558,戰鬥,人面樹,,,,偽裝,,,,抵抗2%,,,,加成
559,戰鬥,雨女,,,,期待,,,,100積分,,,,戰利品
560,委派,,一反木綿,鬼使白,白狼,,火,水,,200積分,3000金幣,,,戰利品
561,戰鬥,入殮師,,,,偽裝,,,,100積分,,,,戰利品
563,捐獻,,,,,,,,,100積分,,,,戰利品
564,戰鬥,兵俑,,,,偽裝,,,,抵抗2%,,,,加成
565,戰鬥,黑童子,,,,遲暮,,,,100積分,,,,戰利品
566,委派,,骨女,瑩草,九命貓,,火,風,,100積分,,,,戰利品
567,戰鬥,跳跳哥哥,,,,孤單,,,,100積分,,,,戰利品
568,戰鬥,人面樹,,,,偽裝,,,,爆擊2%,,,,加成
569,戰鬥,雨女,,,,期待,,,,速度1,,,,加成
570,戰鬥,黑童子,,,,孤單,,,,100積分,,,,戰利品
572,戰鬥,天邪鬼黃,,,,技能,,,,100積分,,,,戰利品
573,委派,,鯉魚精,青坊主,武士之靈,,火,風,,1000積分,100勾玉,25金鱗,1藍蛋,戰利品
574,戰鬥,夜叉,,,,無情,,,,100積分,,,,戰利品
575,戰鬥,鐵鼠,,,,技能,,,,防禦8,,,,加成
576,戰鬥,河童,,,,怯懦,,,,200積分,3000金幣,,,戰利品
577,戰鬥,二口女,,,,無情,,,,抵抗2%,,,,加成
578,戰鬥,巫蠱師,,,,技能,,,,生命90,,,,加成
579,戰鬥,小鹿男,,,,技能,,,,爆傷5%,,,,加成
580,戰鬥,萬年竹,,,,怯懦,,,,100積分,,,,戰利品
581,委派,,人面樹,首無,餓鬼,,火,雷,,100積分,,,,戰利品
582,戰鬥,天邪鬼黃,,,,技能,,,,100積分,,,,戰利品
583,戰鬥,跳跳弟弟,,,,怯懦,,,,防禦8,,,,加成
586,戰鬥,河童,,,,怯懦,,,,生命4%,,,,加成
587,未知,,,,,,,,,,,,,
588,戰鬥,巫蠱師,,,,技能,,,,抵抗2%,,,,加成
589,戰鬥,二口女,,,,無情,,,,爆擊2%,,,,加成
590,戰鬥,河童,,,,怯懦,,,,100積分,,,,戰利品
591,戰鬥,鐵鼠,,,,技能,,,,防禦8,,,,加成
593,委派,,小袖之手,跳跳哥哥,椒圖,,風,水,,200積分,3000金幣,,,戰利品
594,戰鬥,天邪鬼黃,,,,技能,,,,攻擊25,,,,加成
595,戰鬥,姑獲鳥,,,,無情,,,,200積分,3000金幣,,,戰利品
596,戰鬥,萬年竹,,,,怯懦,,,,100積分,,,,戰利品
597,捐獻,,,,,,,,,200積分,3000金幣,,,戰利品
598,淨化,,,,,,,,,生命90,,,,加成
599,委派,,白狼,鬼女紅葉,骨女,,,,,攻擊5%,,,,加成
600,戰鬥,河童,,,,怯懦,,,,抵抗2%,,,,加成
602,戰鬥,鬼使黑,,,,技能,,,,攻擊25,,,,加成
603,淨化,,,,,,,,,生命90,,,,加成
604,戰鬥,弈,,,,固執,,,,100積分,,,,戰利品
605,戰鬥,巫女‧槿,,,,無情/哀慟巫女,,,,,,,,
606,戰鬥,犬神,,,,冷漠,,,,抵抗2%,,,,加成
607,委派,,二口女,骨女,入殮師,,火,風,,100積分,,,,戰利品
608,戰鬥,白狼,,,,技能,,,,100積分,,,,戰利品
609,戰鬥,櫻花妖,,,,期待,,,,防禦8,,,,加成
610,戰鬥,萬年竹,,,,冷漠,,,,幻境據點,,,,幻境據點
611,捐獻,,,,,,,,,爆擊2%,,,,加成
612,戰鬥,鬼使黑,,,,技能,,,,100積分,,,,戰利品
613,委派,,妖琴師,化鯨,童女,,,,,100積分,,,,戰利品
614,戰鬥,弈,,,,固執,,,,攻擊25,,,,加成
615,戰鬥,覺,,,,技能,,,,100積分,,,,戰利品
616,戰鬥,犬神,,,,冷漠,,,,100積分,,,,戰利品
617,戰鬥,姑獲鳥,,,,固執,,,,解鎖蒼風一目連,,,,解鎖
618,戰鬥,白狼,,,,技能,,,,100積分,,,,戰利品
619,淨化,,,,,,,,,100積分,,,,戰利品
620,委派,,小松丸,入殮師,椒圖,,,,,100積分,,,,戰利品
621,戰鬥,覺,,,,技能,,,,100積分,,,,戰利品
622,戰鬥,弈,,,,固執,,,,速度1,,,,加成
624,戰鬥,鬼使黑,,,,技能,,,,生命90,,,,加成
625,戰鬥,於菊蟲,,,,固執,,,,100積分,,,,戰利品
626,戰鬥,萬年竹,,,,冷漠,,,,100積分,,,,戰利品
627,委派,,古籠火,以津真天,跳跳妹妹,,火,風,,攻擊25,,,,加成
628,戰鬥,白狼,,,,技能,,,,生命90,,,,加成
629,戰鬥,姑獲鳥,,,,固執,,,,生命90,,,,加成
633,戰鬥,數珠,,,,孤單,,,,500積分,20紫鱗,1白蛋,5000金幣,戰利品
634,戰鬥,跳跳弟弟,,,,怯懦,,,,抵抗2%,,,,加成
635,委派,,白童子,阿香,鬼使黑,,火,雷,,100積分,,,,戰利品
636,戰鬥,黑童子,,,,孤單,,,,生命90,,,,加成
637,淨化,,,,,,,,,攻擊25,,,,加成
638,戰鬥,人面樹,,,,偽裝,,,,100積分,,,,戰利品
639,戰鬥,跳跳哥哥,,,,孤單,,,,100積分,,,,戰利品
640,委派,,跳跳妹妹,姑獲鳥,賣藥郎,,水,雷,,攻擊25,,,,加成
641,戰鬥,黑童子,,,,遲暮,,,,100積分,,,,戰利品
642,戰鬥,兵俑,,,,偽裝,,,,生命90,,,,加成
643,戰鬥,數珠,,,,孤單,,,,防禦8,,,,加成
644,戰鬥,入殮師,,,,遲暮,,,,100積分,,,,戰利品
645,戰鬥,入殮師,,,,偽裝,,,,爆擊2%,,,,加成
646,委派,,青坊主,海坊主,管狐,,火,水,,生命4%,,,,加成
647,捐獻,,,,,,,,,抵抗2%,,,,加成
652,捐獻,,,,,,,,,抵抗2%,,,,加成
655,戰鬥,巫女‧冬花,,,,期待/哀慟巫女,,,,,,,,
656,戰鬥,兵俑,,,,偽裝,,,,200積分,3000金幣,,,戰利品
657,戰鬥,黑童子,,,,遲暮,,,,100積分,,,,戰利品
658,淨化,,,,,,,,,1000積分,100勾玉,25金鱗,1藍蛋,戰利品
659,戰鬥,跳跳哥哥,,,,孤單,,,,200積分,3000金幣,,,戰利品
663,戰鬥,天邪鬼黃,,,,技能,,,,500積分,20紫鱗,1白蛋,5000金幣,戰利品
664,戰鬥,跳跳弟弟,,,,怯懦,,,,抵抗2%,,,,加成
665,戰鬥,夜叉,,,,無情,,,,生命90,,,,加成
666,委派,,絡新婦,蝴蝶精,傀儡師,,水,雷,,攻擊5%,,,,加成
667,捐獻,,,,,,,,,速度1,,,,加成
668,戰鬥,二口女,,,,無情,,,,100積分,,,,戰利品
669,戰鬥,巫蠱師,,,,技能,,,,生命90,,,,加成
670,淨化,,,,,,,,,100積分,,,,戰利品
671,戰鬥,萬年竹,,,,怯懦,,,,攻擊25,,,,加成
672,戰鬥,姑獲鳥,,,,無情,,,,1000積分,100勾玉,25金鱗,1藍蛋,戰利品
673,戰鬥,天邪鬼黃,,,,技能,,,,100積分,,,,戰利品
678,戰鬥,二口女,,,,無情,,,,500積分,20紫鱗,1白蛋,5000金幣,戰利品
679,委派,,貓掌櫃,入殮師,首無,,火,水,,生命90,,,,加成
680,戰鬥,二口女,,,,無情,,,,解鎖輝夜姬,,,,解鎖
681,委派,,鬼使黑,餓鬼,跳跳哥哥,,水,風,,100積分,,,,戰利品
682,淨化,,,,,,,,,100積分,,,,戰利品
684,戰鬥,跳跳弟弟,,,,怯懦,,,,200積分,3000金幣,,,戰利品
685,戰鬥,天邪鬼黃,,,,技能,,,,生命90,,,,加成
686,委派,,匣中少女,判官,河童,,火,雷,,200積分,3000金幣,,,戰利品
687,戰鬥,萬年竹,,,,怯懦,,,,100積分,,,,戰利品
696,戰鬥,弈,,,,固執,,,,生命90,,,,加成
697,戰鬥,覺,,,,技能,,,,100積分,,,,戰利品
698,委派,,妖狐,白狼,兔丸,,火,雷,,200積分,3000金幣,,,戰利品
699,戰鬥,姑獲鳥,,,,固執,,,,防禦8,,,,加成
700,戰鬥,白狼,,,,技能,,,,爆擊2%,,,,加成
701,戰鬥,櫻花妖,,,,期待,,,,100積分,,,,戰利品
702,委派,,蝴蝶精,童男,白童子,,,,,生命90,,,,加成
703,淨化,,,,,,,,,100積分,,,,戰利品
706,戰鬥,弈,,,,固執,,,,200積分,3000金幣,,,戰利品
707,戰鬥,覺,,,,技能,,,,抵抗2%,,,,加成
708,委派,,鯉魚精,孟婆,阿香,,火,水,,生命90,,,,加成
709,淨化,,,,,,,,,生命90,,,,加成
710,戰鬥,白狼,,,,技能,,,,100積分,,,,戰利品
711,戰鬥,姑獲鳥,,,,固執,,,,防禦8,,,,加成
712,戰鬥,犬神,,,,冷漠,,,,200積分,3000金幣,,,戰利品
713,委派,,萬年竹,鬼使黑,白童子,,,,,防禦8,,,,加成
714,捐獻,,,,,,,,,攻擊25,,,,加成
715,戰鬥,吸血姬,,,,冷漠,,,,攻擊25,,,,加成
716,戰鬥,鬼使黑,,,,技能,,,,500積分,20紫鱗,1白蛋,5000金幣,戰利品
726,戰鬥,入殮師,,,,偽裝,,,,100積分,,,,戰利品
727,戰鬥,黑童子,,,,孤單,,,,抵抗2%,,,,加成
728,淨化,,,,,,,,,1000積分,100勾玉,25金鱗,1藍蛋,戰利品
729,戰鬥,人面樹,,,,偽裝,,,,生命4%,,,,加成
730,委派,,管狐,化鯨,古籠火,,風,雷,,攻擊5%,,,,加成
731,戰鬥,小鹿男,,,,技能,,,,防禦8,,,,加成
732,捐獻,,,,,,,,,防禦8,,,,加成
735,委派,,椒圖,小松丸,骨女,,,,,100積分,,,,戰利品
736,戰鬥,入殮師,,,,偽裝,,,,傷害5%,,,,加成
737,戰鬥,黑童子,,,,孤單,,,,攻擊25,,,,加成
738,戰鬥,雨女,,,,期待,,,,100積分,,,,戰利品
739,戰鬥,人面樹,,,,偽裝,,,,100積分,,,,戰利品
740,委派,,山童,匣中少女,覺,,火,水,,100積分,,,,戰利品
741,戰鬥,人面樹,,,,偽裝,,,,200積分,3000金幣,,,戰利品
742,戰鬥,雨女,,,,期待,,,,抵抗2%,,,,加成
743,淨化,,,,,,,,,100積分,,,,戰利品
744,戰鬥,入殮師,,,,偽裝,,,,100積分,,,,戰利品
745,戰鬥,入殮師,,,,遲暮,,,,防禦8,,,,加成
758,戰鬥,鐵鼠,,,,技能,,,,100積分,,,,戰利品
759,捐獻,,,,,,,,,抵抗2%,,,,加成
760,戰鬥,二口女,,,,無情,,,,防禦8,,,,加成
761,戰鬥,巫蠱師,,,,技能,,,,抵抗2%,,,,加成
762,委派,,入殮師,椒圖,賣藥郎,,火,水,,防禦8,,,,加成
764,戰鬥,姑獲鳥,,,,無情,,,,500積分,20紫鱗,1白蛋,5000金幣,戰利品
765,戰鬥,天邪鬼黃,,,,技能,,,,攻擊25,,,,加成
766,淨化,,,,,,,,,抵抗2%(?),,,,加成
767,戰鬥,夜叉,,,,無情,,,,100積分,,,,戰利品
768,捐獻,,,,,,,,,攻擊25,,,,加成
769,戰鬥,河童,,,,怯懦,,,,抵抗2%,,,,加成
770,戰鬥,二口女,,,,無情,,,,1000積分,100勾玉,25金鱗,1藍蛋,戰利品
771,淨化,,,,,,,,,防禦8,,,,加成
772,捐獻,,,,,,,,,200積分,3000金幣,,,戰利品
773,戰鬥,河童,,,,怯懦,,,,速度1,,,,加成
774,委派,,阿香,貓掌櫃,賣藥郎,,水,雷,,生命4%,,,,加成